SNP,CHR,BP,P,-log10P,CellTypes
rs12726330,1,155108167,0.0,300.0,Microglia;Neuron
rs11575896,17,43972142,0.0,300.0,Dopaminergic;Microglia;Oligodendrocyte
rs62056779,17,43971937,0.0,300.0,Microglia
rs74457229,17,43972581,0.0,300.0,Dopaminergic;Microglia;Oligodendrocyte
rs62062267,17,44090854,0.0,300.0,Dopaminergic;Neuron
rs17573858,17,44090796,0.0,300.0,Dopaminergic;Neuron
rs62057108,17,43896616,0.0,300.0,Neuron
rs62057109,17,43896637,0.0,300.0,Neuron
rs62057073,17,43861117,0.0,300.0,Dopaminergic;Neuron
rs78506181,17,43897480,0.0,300.0,Neuron
rs78587102,17,43897246,0.0,300.0,Neuron
rs62057111,17,43897130,0.0,300.0,Neuron
rs62057110,17,43896734,0.0,300.0,Neuron
rs78074121,17,43896690,0.0,300.0,Neuron
rs56002706,17,44000505,0.0,300.0,Neuron
rs62056804,17,43982286,0.0,300.0,Neuron
rs62062268,17,44090858,0.0,300.0,Dopaminergic;Neuron
rs2158257,17,44104343,0.0,300.0,Neuron
rs8078495,17,44000610,0.0,300.0,Neuron
rs62063783,17,44059215,0.0,300.0,Neuron
rs62063784,17,44059775,0.0,300.0,Neuron
rs55881134,17,44109248,0.0,300.0,Neuron
rs17649866,17,44000914,0.0,300.0,Neuron
rs17572361,17,44052009,0.0,300.0,Neuron
rs17651243,17,44052284,0.0,300.0,Neuron
rs17651483,17,44058861,0.0,300.0,Neuron
rs62056782,17,43974230,0.0,300.0,Dopaminergic
rs12150170,17,44090646,0.0,300.0,Dopaminergic
rs62056781,17,43973899,0.0,300.0,Dopaminergic
rs76324150,17,43973233,0.0,300.0,Dopaminergic;Oligodendrocyte
rs113347741,17,43973408,0.0,300.0,Dopaminergic;Oligodendrocyte
rs78720789,17,43973413,0.0,300.0,Dopaminergic;Oligodendrocyte
rs12150515,17,44090685,0.0,300.0,Dopaminergic;Neuron
rs62062266,17,44090704,0.0,300.0,Dopaminergic;Neuron
rs62056780,17,43973652,0.0,300.0,Dopaminergic;Oligodendrocyte
rs80346216,17,43974476,0.0,300.0,Dopaminergic
rs74496580,17,43974065,0.0,300.0,Dopaminergic
rs80233201,17,43971481,0.0,300.0,Oligodendrocyte
rs74548327,17,43973080,0.0,300.0,Dopaminergic;Oligodendrocyte
rs7222389,17,43501442,2.220446049250313e-16,15.653559774527022,Microglia
rs199524,17,44848438,2.220446049250313e-16,15.653559774527022,Neuron
rs7222444,17,43507649,4.440892098500626e-16,15.35252977886304,Neuron
rs7220206,17,43507403,4.440892098500626e-16,15.35252977886304,Neuron
rs56020833,17,43509778,4.440892098500626e-16,15.35252977886304,Neuron
rs12949256,17,43507297,4.440892098500626e-16,15.35252977886304,Neuron
rs199525,17,44847834,4.440892098500626e-16,15.35252977886304,Neuron
rs199523,17,44848517,8.881784197001252e-16,15.05149978319906,Neuron
rs10847839,12,123322560,1.2749801214795298e-12,11.894496586366536,Microglia;Oligodendrocyte
rs4690326,4,953698,2.2470025839993468e-11,10.648396428152294,Neuron
rs3813020,16,30934075,2.0439738790400952e-10,9.689524658567285,Dopaminergic;Microglia;Neuron
rs4792891,17,43973498,2.7903546140350954e-10,9.554340600621671,Dopaminergic;Oligodendrocyte
rs2153904,1,205642790,4.460420921503783e-10,9.350624155803397,Microglia
rs4889599,16,30968589,7.320573036651011e-10,9.135454922095317,Oligodendrocyte
rs35675346,16,30936081,2.4017936528508703e-09,8.619464307206933,Dopaminergic;Neuron
rs823114,1,205719532,4.357951333133769e-09,8.360717623990972,Microglia
rs57891859,2,135464616,4.915730045240707e-09,8.308411975069854,Neuron
rs10894767,11,133811531,1.3707747381630496e-08,7.863033907727349,Neuron
rs1728313,7,23271031,1.4279752047485772e-08,7.845279333550294,Microglia
